fecha,distancia_total,hsr_abs_m,hmld_m,sprints_distancia_m,acc_3,dec_3,player_load,rpe,carga_explosiva,carga_sostenida,carga_regenerativa,rendimiento_diario,hsr_rel_m,sprints_cantidad,sprints_vel_max_kmh,velocidad_prom_m_min
2025-05-23,3294,0,170,0,7,1,49,4,23.5,179.8,1562.0,1970-01-01 00:00:00.000000004,0,0,18.3,92
2025-05-27,10000,227,1388,99,45,47,170,6,554.9,1422.0,4192.5,1970-01-01 00:00:00.000000080,46,6,28.4,130
2025-05-29,9176,237,1140,8,29,30,154,8,451.4,1170.8,3899.5,1970-01-01 00:00:00.000000062,0,1,24.2,116
2025-05-30,8437,262,1327,77,44,73,165,7,653.9,1360.0,3424.0,1970-01-01 00:00:00.000000086,30,5,29.2,59
2025-05-27,9647,184,1409,0,42,45,153,8,459.29999999999995,1439.6,4027.0,1970-01-01 00:00:00.000000073,7,0,24.2,126
2025-05-29,9903,825,1758,70,38,42,148,7,1219.0,1787.6,3660.0,1970-01-01 00:00:00.000000100,86,2,24.9,123
2025-05-26,7300,720,2071,0,112,71,117,7,1377.5,2094.4,2254.5,1970-01-01 00:00:00.000000097,0,0,23.9,92
2025-05-27,9948,446,1973,15,63,81,151,5,931.6999999999999,2003.2,3764.5,1970-01-01 00:00:00.000000082,10,1,25.9,129
2025-05-29,10232,829,2422,85,41,44,151,6,1237.8,2452.2,3490.5,1970-01-01 00:00:00.000000094,14,2,27.7,126
2025-05-30,8524,213,1754,56,100,130,147,5,905.6,1783.4,3278.5,1970-01-01 00:00:00.000000081,28,5,25.7,62
2025-05-26,6138,474,1395,0,91,53,114,7,974.3,1417.8,2134.5,1970-01-01 00:00:00.000000084,0,0,23.2,77
2025-05-27,9372,288,1579,31,56,63,157,9,681.0999999999999,1610.4,3752.5,1970-01-01 00:00:00.000000080,0,2,25.2,122
2025-05-26,6387,550,1587,33,89,54,112,8,1067.0,1609.4,2125.0,1970-01-01 00:00:00.000000093,0,1,24.1,80
2025-05-27,9323,184,1257,86,43,58,153,8,529.8,1287.6,3941.0,1970-01-01 00:00:00.000000064,9,7,28.6,123
2025-05-29,9369,309,1373,35,41,35,152,7,596.3,1403.4,3843.5,1970-01-01 00:00:00.000000072,0,3,26.8,118
2025-05-30,8446,251,1467,79,91,116,166,7,889.2,1500.2,3364.0,1970-01-01 00:00:00.000000090,36,5,33.0,62
2025-05-26,6532,419,1480,0,88,48,125,8,886.8,1505.0,2316.5,1970-01-01 00:00:00.000000064,0,0,23.3,82
2025-05-27,9186,371,1405,43,41,44,163,8,683.2,1437.6,3705.0,1970-01-01 00:00:00.000000063,0,1,24.4,122
2025-05-29,9875,746,2241,23,44,48,167,9,1152.1999999999998,2274.4,3444.0,1970-01-01 00:00:00.000000094,19,1,26.6,123
2025-05-30,8313,39,956,14,63,71,169,7,418.3,989.8,3659.0,1970-01-01 00:00:00.000000042,12,1,27.2,60
2025-05-27,5782,214,872,106,82,82,70,0,732.8,886.0,2348.0,1970-01-01 00:00:00.000000079,78,5,27.6,90
2025-05-27,9087,238,1255,0,36,27,176,9,461.09999999999997,1290.2,3797.0,1970-01-01 00:00:00.000000051,0,0,23.1,121
2025-05-29,9229,769,1572,50,29,40,0,8,1114.8,1572.0,3444.0,1970-01-01 00:00:00.000000094,0,1,24.4,118
2025-05-30,7490,113,1328,50,97,100,15,7,691.6,1331.0,3024.5,1970-01-01 00:00:00.000000063,33,3,28.9,56
2025-05-26,6973,556,1695,0,94,69,118,8,1121.6999999999998,1718.6,2361.0,1970-01-01 00:00:00.000000089,0,0,23.5,88
2025-05-27,10326,308,1558,7,39,62,176,7,646.5999999999999,1593.2,4230.0,1970-01-01 00:00:00.000000074,7,1,24.1,132
2025-05-29,10414,1152,1982,180,35,45,180,8,1609.8999999999999,2018.0,3640.0,1970-01-01 00:00:00.000000099,180,2,24.6,127
2025-05-30,9196,33,1534,0,75,114,186,7,549.6,1571.2,3814.5,1970-01-01 00:00:00.000000069,0,0,22.3,64
2025-05-23,3306,0,219,0,5,2,48,5,20.0,228.6,1543.5,1970-01-01 00:00:00.000000001,0,0,17.5,92
2025-05-27,9889,110,1103,0,19,38,142,8,284.0,1131.4,4338.0,1970-01-01 00:00:00.000000046,0,0,23.7,127
2025-05-29,10136,68,1383,9,25,22,143,8,216.6,1411.6,4342.5,1970-01-01 00:00:00.000000050,0,1,24.9,124
2025-05-30,9934,316,1561,97,49,75,154,7,738.7,1591.8,4028.5,1970-01-01 00:00:00.000000087,59,5,28.7,69
2025-05-27,8848,213,1313,29,65,81,144,7,673.1,1341.8,3661.0,1970-01-01 00:00:00.000000096,0,4,25.2,75
2025-05-27,9837,108,1103,0,26,40,138,7,307.6,1130.6,4313.0,1970-01-01 00:00:00.000000052,0,0,23.3,130
2025-05-29,9720,206,1284,0,17,30,127,6,373.2,1309.4,4115.0,1970-01-01 00:00:00.000000060,0,0,22.8,122
2025-05-26,6486,334,1487,0,89,59,90,8,815.3,1505.0,2332.5,1970-01-01 00:00:00.000000089,60,0,23.3,81
2025-05-27,9571,173,1078,27,34,36,134,9,409.6,1104.8,4160.0,1970-01-01 00:00:00.000000057,54,2,25.3,126
2025-05-29,9758,366,1448,10,46,41,131,10,684.7,1474.2,3972.0,1970-01-01 00:00:00.000000088,12,1,24.7,120
2025-05-30,8624,39,1382,9,113,98,132,6,635.8,1408.4,3601.5,1970-01-01 00:00:00.000000082,11,1,24.7,62
2025-05-26,7359,720,1758,84,98,67,110,9,1340.5,1780.0,2440.5,1970-01-01 00:00:00.000000091,0,3,29.4,92
2025-05-27,10285,264,1387,45,57,52,148,8,627.8,1416.6,4317.0,1970-01-01 00:00:00.000000068,35,2,29.8,133
2025-05-29,9767,453,1518,28,34,46,137,10,770.6,1545.4,3898.0,1970-01-01 00:00:00.000000081,0,2,24.9,123
2025-05-30,9645,176,1734,74,136,143,158,7,1011.7,1765.6,3867.5,1970-01-01 00:00:00.000000099,13,7,29.0,69
2025-05-26,6503,744,1513,0,91,65,151,10,1328.3,1543.2,2123.0,1970-01-01 00:00:00.000000092,0,0,23.8,82
2025-05-27,9832,83,773,8,23,37,181,8,266.1,809.2,4488.0,1970-01-01 00:00:00.000000048,0,1,26.0,127
2025-05-29,10278,445,1250,23,44,53,190,7,808.5,1288.0,4291.5,1970-01-01 00:00:00.000000099,0,2,26.1,125
2025-05-30,9146,73,1290,29,79,72,187,7,514.6,1327.4,3891.5,1970-01-01 00:00:00.000000080,11,2,28.9,65
2025-05-26,6973,556,1695,0,94,69,118,9,1121.6999999999998,1718.6,2361.0,1970-01-01 00:00:00.000000093,0,0,23.5,88
2025-05-27,9836,258,1495,13,34,55,160,9,554.0999999999999,1527.0,4041.5,1970-01-01 00:00:00.000000082,0,1,25.1,126
2025-05-29,9997,132,1669,0,38,43,158,9,379.9,1700.6,4098.0,1970-01-01 00:00:00.000000071,0,0,24.2,122
2025-05-26,7067,588,1572,0,91,52,104,10,1108.6,1592.8,2453.5,1970-01-01 00:00:00.000000082,0,0,22.9,89
2025-05-27,9810,195,1112,33,52,44,136,7,510.0,1139.2,4251.5,1970-01-01 00:00:00.000000046,29,2,26.3,129
2025-05-29,10804,366,1913,81,55,59,155,9,781.7,1944.0,4262.5,1970-01-01 00:00:00.000000086,65,6,26.5,131
2025-05-30,9366,102,1662,46,103,117,353,9,733.9,1732.6,3801.0,1970-01-01 00:00:00.000000078,40,2,28.6,66
2025-05-31,4820,209,998,80,31,26,1602,5,443.79999999999995,1318.4,1806.5,1970-01-01 00:00:00.000000035,55,7,29.5,95
2025-05-27,10383,88,1392,10,41,73,170,8,416.1,1426.0,4451.5,1970-01-01 00:00:00.000000067,0,1,25.5,132
2025-05-29,9927,651,1615,83,33,43,166,8,997.6999999999999,1648.2,3830.5,1970-01-01 00:00:00.000000100,0,2,25.7,123
2025-05-30,9043,127,1576,44,83,94,168,8,651.4,1609.6,3670.0,1970-01-01 00:00:00.000000081,34,3,29.0,64
2025-05-27,9040,125,1321,34,73,55,140,7,516.5,1349.0,3797.0,1970-01-01 00:00:00.000000083,17,2,28.8,77
2025-06-15,1682,0,30,0,3,1,20,0,11.5,34.0,826.0,1970-01-01 00:00:00.000000000,0,0,18.3,52
2025-06-20,1303,0,18,0,4,2,17,0,17.0,21.4,642.5,1970-01-01 00:00:00.000000000,0,0,15.3,26
2025-07-02,7744,441,1459,237,36,53,95,0,814.6999999999999,1478.0,2922.0,1970-01-01 00:00:00.000000084,163,9,33.1,102
2025-07-10,1024,0,20,0,5,4,20,4,25.0,24.0,502.0,1970-01-01 00:00:00.000000000,0,0,14.2,22
2025-07-16,9509,688,2081,175,63,82,131,6,1259.6,2107.2,3370.0,1970-01-01 00:00:00.000000100,37,8,29.6,88
2025-07-22,8787,216,1064,66,54,42,121,0,541.2,1088.2,3753.5,1970-01-01 00:00:00.000000062,30,3,29.2,82
2025-06-04,11432,1287,2068,53,48,49,181,8,1835.8999999999999,2104.2,4038.5,1970-01-01 00:00:00.000000100,0,5,27.0,112
2025-06-06,10592,839,1883,65,39,38,175,8,1238.8,1918.0,3935.0,1970-01-01 00:00:00.000000100,23,4,29.3,116
2025-06-08,8174,1425,2018,664,76,37,127,8,2135.5,2043.4,2365.5,1970-01-01 00:00:00.000000092,85,21,27.3,57
2025-06-16,8965,1485,1968,668,63,54,140,7,2171.0,1996.0,2756.0,1970-01-01 00:00:00.000000095,13,13,28.2,74
2025-07-10,1413,0,35,0,10,12,24,0,60.0,39.8,689.0,1970-01-01 00:00:00.000000000,0,0,13.9,31
2025-07-30,10145,257,1607,48,57,69,177,5,671.9,1642.4,4140.5,1970-01-01 00:00:00.000000091,0,4,25.3,85
2025-06-03,3871,645,770,139,20,35,68,0,936.5,783.6,1228.0,1970-01-01 00:00:00.000000063,166,3,27.1,48
2025-06-04,11369,2038,2258,345,58,37,171,8,2732.1,2292.2,3536.5,1970-01-01 00:00:00.000000100,769,4,24.7,110
2025-06-06,11253,1683,2009,155,35,28,172,7,2219.6,2043.4,3780.5,1970-01-01 00:00:00.000000100,357,5,26.4,120
2025-06-08,8283,1459,1847,889,55,11,122,9,2058.3,1871.4,2488.5,1970-01-01 00:00:00.000000098,1129,23,26.7,58
2025-06-13,4842,282,1029,135,19,18,80,7,475.4,1045.0,1765.5,1970-01-01 00:00:00.000000053,151,7,28.9,133
2025-06-16,9102,1572,1824,623,45,46,134,6,2176.3999999999996,1850.8,2853.0,1970-01-01 00:00:00.000000100,859,8,26.2,75
2025-06-17,6540,323,1159,175,33,54,109,7,651.5999999999999,1180.8,2529.0,1970-01-01 00:00:00.000000078,175,6,31.7,81
2025-06-27,7056,332,1205,166,34,33,101,7,622.9,1225.2,2759.5,1970-01-01 00:00:00.000000079,166,8,30.8,117
2025-07-15,6003,331,1168,217,41,53,91,7,677.7,1186.2,2252.0,1970-01-01 00:00:00.000000077,218,5,26.0,86
2025-07-16,7191,364,1121,198,30,41,115,8,669.3,1144.0,2853.0,1970-01-01 00:00:00.000000079,198,8,30.3,71
2025-06-04,11772,2373,3080,109,86,70,177,6,3315.6,3115.4,3159.5,1970-01-01 00:00:00.000000100,73,7,28.8,111
2025-06-06,11895,3138,2884,115,56,64,188,6,4108.6,2921.6,2936.5,1970-01-01 00:00:00.000000100,38,3,27.9,124
2025-06-08,9061,1696,2657,1268,108,52,134,7,2644.2,2683.8,2354.0,1970-01-01 00:00:00.000000098,774,31,27.3,62
2025-06-09,8653,300,1640,37,103,80,137,5,884.0,1667.4,3356.5,1970-01-01 00:00:00.000000080,17,3,28.8,54
2025-06-16,9181,1719,2348,1013,88,59,146,6,2524.2999999999997,2377.2,2557.0,1970-01-01 00:00:00.000000100,291,10,27.7,76
2025-06-17,6058,358,1322,202,42,68,105,5,755.5999999999999,1343.0,2189.0,1970-01-01 00:00:00.000000064,168,6,34.8,77
2025-06-20,3923,496,1128,275,20,29,60,7,772.6999999999999,1140.0,1149.5,1970-01-01 00:00:00.000000046,160,9,32.2,133
2025-06-21,644,254,267,187,5,1,9,0,352.3,268.8,61.5,1970-01-01 00:00:00.000000004,102,6,30.3,103
2025-07-05,3807,964,1188,564,39,24,59,0,1393.8,1199.8,827.5,1970-01-01 00:00:00.000000071,0,12,25.6,68
2025-07-16,6491,632,1433,287,55,42,92,5,1088.4,1451.4,2213.0,1970-01-01 00:00:00.000000082,137,12,29.6,93
2025-07-21,7191,636,1573,404,51,56,112,6,1151.1999999999998,1595.4,2491.0,1970-01-01 00:00:00.000000091,199,19,31.5,106
2025-07-28,5437,843,1637,326,72,73,81,6,1450.1,1653.2,1478.5,1970-01-01 00:00:00.000000089,215,8,33.0,96
2025-08-04,5733,197,1269,88,81,87,102,6,731.9,1289.4,2133.5,1970-01-01 00:00:00.000000061,21,7,27.1,80
2025-06-04,10658,1910,2227,577,65,35,192,8,2609.5,2265.4,3260.5,1970-01-01 00:00:00.000000100,41,7,27.4,105
2025-06-06,10635,1873,2071,185,50,28,175,7,2492.6,2106.0,3345.5,1970-01-01 00:00:00.000000100,88,5,27.7,116
2025-06-08,7785,1305,1785,476,61,32,122,8,1914.0,1809.4,2347.5,1970-01-01 00:00:00.000000094,52,17,28.1,55
2025-06-16,8368,1267,1683,664,60,65,143,6,1922.8999999999999,1711.6,2709.0,1970-01-01 00:00:00.000000096,236,12,28.0,71
2025-06-21,608,262,252,145,2,1,9,0,342.9,253.8,47.0,1970-01-01 00:00:00.000000009,121,4,28.0,89
2025-06-22,560,11,73,0,2,8,9,3,39.2,74.8,238.0,1970-01-01 00:00:00.000000000,0,0,21.5,103
2025-07-05,3908,868,1031,389,35,25,67,0,1264.1,1044.4,1004.5,1970-01-01 00:00:00.000000070,0,11,25.5,70
2025-07-21,6467,470,1213,254,35,35,118,8,806.5,1236.6,2392.0,1970-01-01 00:00:00.000000072,200,10,33.0,95
2025-07-28,4996,736,1355,267,58,57,96,6,1244.6999999999998,1374.2,1452.5,1970-01-01 00:00:00.000000084,173,9,32.8,88
2025-07-02,4796,1210,1770,140,46,28,78,8,1675.0,1785.6,908.0,1970-01-01 00:00:00.000000081,1537,3,25.2,129
2025-07-03,8035,230,1463,9,40,44,141,8,511.0,1491.2,3171.0,1970-01-01 00:00:00.000000056,591,1,25.9,150
2025-07-04,7644,64,1472,16,78,89,170,10,543.3,1506.0,3054.0,1970-01-01 00:00:00.000000057,403,2,24.5,58
2025-07-05,5512,156,1154,22,68,43,105,8,508.7,1175.0,2101.0,1970-01-01 00:00:00.000000042,268,2,24.9,96
2025-07-07,7036,435,1633,200,83,69,126,6,1003.5,1658.2,2484.0,1970-01-01 00:00:00.000000075,223,12,30.7,79
2025-07-09,6533,430,1314,271,42,47,113,7,804.5,1336.6,2394.5,1970-01-01 00:00:00.000000059,227,9,33.3,82
2025-07-12,7954,612,1872,333,58,67,130,5,1165.9,1898.0,2735.0,1970-01-01 00:00:00.000000089,240,18,31.2,105
2025-07-14,5299,360,1217,147,82,43,94,5,840.5,1235.8,1861.0,1970-01-01 00:00:00.000000055,100,11,30.0,75
2025-07-16,6300,424,1254,259,47,53,103,6,862.3,1274.6,2311.0,1970-01-01 00:00:00.000000059,140,16,28.7,73
2025-07-21,1251,0,274,0,0,0,22,3,0.0,278.4,488.5,1970-01-01 00:00:00.000000000,0,0,20.9,141
2025-07-23,4994,497,1073,208,30,28,90,7,801.4,1091.0,1712.0,1970-01-01 00:00:00.000000049,154,9,31.4,85
2025-06-04,10190,694,1845,57,64,38,163,8,1139.8,1877.6,3825.5,1970-01-01 00:00:00.000000100,0,4,25.9,103
2025-06-06,11000,987,1995,201,39,43,188,7,1453.8999999999999,2032.6,4009.0,1970-01-01 00:00:00.000000100,79,9,32.2,118
2025-06-08,7939,1511,2145,1076,72,40,125,9,2274.2,2170.0,2141.5,1970-01-01 00:00:00.000000093,69,29,28.4,56
2025-06-11,6177,613,1281,303,37,52,107,7,1066.6,1302.4,2141.5,1970-01-01 00:00:00.000000086,74,18,31.8,89
2025-06-16,9011,1363,1788,735,59,43,139,6,1970.1,1815.8,2930.0,1970-01-01 00:00:00.000000100,0,10,27.0,77
2025-06-22,7175,601,1471,386,38,60,114,9,1060.1999999999998,1493.8,2551.5,1970-01-01 00:00:00.000000096,219,15,33.6,112
2025-07-09,6250,422,1127,297,55,55,104,7,878.9,1147.8,2350.5,1970-01-01 00:00:00.000000073,115,14,32.5,79
2025-07-12,8094,736,1698,432,47,69,117,8,1316.6999999999998,1721.4,2830.0,1970-01-01 00:00:00.000000099,131,24,31.9,116
2025-07-21,1287,0,300,0,2,2,25,3,11.0,305.0,493.5,1970-01-01 00:00:00.000000000,0,0,20.9,145
2025-07-23,4505,565,956,339,23,37,73,6,919.5,970.6,1492.0,1970-01-01 00:00:00.000000061,97,16,32.2,76
2025-06-29,2918,1337,1464,29,19,5,45,6,1678.8999999999999,1473.0,58.5,1970-01-01 00:00:00.000000083,0,1,24.4,142
2025-07-02,11232,1651,3255,418,106,81,36,10,2576.7,3262.2,3163.0,1970-01-01 00:00:00.000000098,55,15,29.4,105
2025-07-04,6481,62,1156,0,86,66,19,10,497.4,1159.8,2631.5,1970-01-01 00:00:00.000000056,0,0,23.4,54
2025-07-14,5344,170,1104,56,91,50,0,7,622.0,1104.0,2035.0,1970-01-01 00:00:00.000000057,16,4,27.9,76
2025-07-21,7329,609,1426,323,38,42,0,9,1019.8,1426.0,2647.0,1970-01-01 00:00:00.000000093,95,14,32.1,108
2025-06-04,10484,1982,2451,9,58,46,177,8,2672.4,2486.4,3025.5,1970-01-01 00:00:00.000000096,0,1,25.5,103
2025-06-06,10471,2787,2123,52,45,38,176,7,3584.4,2158.2,2780.5,1970-01-01 00:00:00.000000095,45,2,27.3,114
2025-06-08,9263,1370,2038,474,85,39,149,9,2061.5,2067.8,2927.5,1970-01-01 00:00:00.000000096,255,13,27.0,63
2025-06-17,8365,1526,1909,681,52,25,143,6,2109.7,1937.6,2465.0,1970-01-01 00:00:00.000000091,233,12,32.0,133
2025-07-05,7187,547,1371,351,54,56,126,7,1038.4,1396.2,2634.5,1970-01-01 00:00:00.000000070,238,16,33.1,99
2025-07-08,5273,749,1248,291,36,35,89,6,1144.3,1265.8,1638.0,1970-01-01 00:00:00.000000064,142,10,29.1,110
2025-07-10,1004,0,22,0,2,4,20,3,16.0,26.0,491.0,1970-01-01 00:00:00.000000000,0,0,14.3,23
2025-07-12,9783,762,1989,368,44,64,160,8,1281.4,2021.0,3516.0,1970-01-01 00:00:00.000000099,238,15,32.8,126
2025-07-08,7285,257,1172,67,51,46,135,7,601.4,1199.0,2928.0,1970-01-01 00:00:00.000000072,291,5,27.3,68
2025-07-11,7433,959,1763,519,69,49,141,9,1550.3,1791.2,2355.5,1970-01-01 00:00:00.000000095,586,14,28.6,64
2025-07-16,9263,753,2152,182,61,51,175,7,1244.1,2187.0,3179.0,1970-01-01 00:00:00.000000100,203,6,30.4,94
2025-07-21,7248,349,1197,203,33,32,122,8,632.8,1221.4,2851.0,1970-01-01 00:00:00.000000074,221,7,29.8,107
2025-06-07,3269,348,718,295,29,24,47,0,594.5999999999999,727.4,1101.5,1970-01-01 00:00:00.000000052,267,6,30.1,85
2025-06-10,6393,363,1018,237,48,67,96,0,777.0999999999999,1037.2,2506.0,1970-01-01 00:00:00.000000087,202,6,27.7,72
2025-06-14,10381,944,2557,79,111,116,165,8,1765.8,2590.0,3440.0,1970-01-01 00:00:00.000000100,0,2,24.8,105
2025-06-15,4811,123,370,7,3,0,62,8,161.6,382.4,2159.0,1970-01-01 00:00:00.000000015,0,1,25.4,196
2025-06-16,8536,900,1705,726,87,100,130,8,1651.0,1731.0,2965.5,1970-01-01 00:00:00.000000100,612,12,28.2,60
2025-06-17,10098,425,1153,42,33,29,133,8,696.5,1179.6,4260.0,1970-01-01 00:00:00.000000092,0,3,24.7,135
2025-06-21,600,183,210,137,2,1,8,0,248.1,211.6,103.5,1970-01-01 00:00:00.000000007,126,4,27.4,105
2025-06-24,9651,151,1487,65,37,60,137,6,462.2,1514.4,4006.5,1970-01-01 00:00:00.000000079,22,4,27.7,124
2025-07-10,1413,0,35,0,10,12,24,5,60.0,39.8,689.0,1970-01-01 00:00:00.000000000,0,0,13.9,31
2025-07-14,5411,290,1227,112,82,48,83,7,744.0,1243.6,1947.0,1970-01-01 00:00:00.000000090,94,6,29.2,77
2025-07-17,2424,0,213,0,24,29,46,2,144.5,222.2,1105.5,1970-01-01 00:00:00.000000000,0,0,17.2,41
2025-07-28,5266,708,1301,259,50,57,76,6,1182.1,1316.2,1628.5,1970-01-01 00:00:00.000000089,177,8,31.5,93
2025-06-04,10933,1904,2443,542,74,57,197,8,2689.2999999999997,2482.4,3293.0,1970-01-01 00:00:00.000000100,296,8,26.0,107
2025-06-06,11411,1778,2167,205,54,64,212,7,2500.6,2209.4,3733.0,1970-01-01 00:00:00.000000100,129,9,26.1,121
2025-06-08,8565,1464,2187,717,96,62,157,7,2304.8,2218.4,2457.0,1970-01-01 00:00:00.000000094,548,21,27.5,59
2025-06-09,9066,178,1381,67,85,77,182,6,681.1,1417.4,3753.5,1970-01-01 00:00:00.000000067,63,4,27.6,57
2025-06-13,4802,326,1208,212,35,57,89,6,683.7,1225.8,1634.0,1970-01-01 00:00:00.000000049,188,9,31.2,131
2025-06-16,9988,1476,2103,489,86,98,166,6,2324.2,2136.2,3204.5,1970-01-01 00:00:00.000000100,382,10,28.0,80
2025-06-17,6703,340,1386,190,44,70,114,7,760.0,1408.8,2488.5,1970-01-01 00:00:00.000000065,166,9,32.2,83
2025-07-05,3722,925,1050,509,25,17,60,0,1287.5,1062.0,873.5,1970-01-01 00:00:00.000000063,282,12,27.3,67
2025-07-07,7055,519,1672,232,72,74,116,6,1088.8,1695.2,2432.0,1970-01-01 00:00:00.000000092,195,13,30.5,79
2025-07-22,5611,256,1129,115,71,89,130,7,782.7,1155.0,2113.0,1970-01-01 00:00:00.000000055,93,8,28.7,59
2025-08-04,5874,125,1072,56,65,84,107,6,575.0,1093.4,2338.5,1970-01-01 00:00:00.000000044,49,4,27.0,82
2025-06-02,5697,777,1240,0,20,22,97,6,1047.4,1259.4,1840.0,1970-01-01 00:00:00.000000071,0,0,23.5,120
2025-06-04,11094,1972,2260,122,47,53,180,8,2644.9,2296.0,3431.0,1970-01-01 00:00:00.000000098,120,1,24.7,106
2025-06-05,8617,26,1081,0,39,59,160,9,295.7,1113.0,3755.0,1970-01-01 00:00:00.000000044,0,0,22.0,65
2025-06-06,11448,1873,2308,87,32,42,177,8,2458.6,2343.4,3633.5,1970-01-01 00:00:00.000000099,87,2,25.5,120
2025-06-08,8727,1357,1803,374,60,33,137,8,1945.8999999999999,1830.4,2783.5,1970-01-01 00:00:00.000000093,374,11,25.3,60
2025-06-09,8241,0,841,0,43,38,137,9,224.0,868.4,3700.0,1970-01-01 00:00:00.000000034,0,0,19.7,52
2025-06-16,9524,1383,2037,771,52,63,177,7,2023.1,2072.4,3052.0,1970-01-01 00:00:00.000000095,771,10,28.2,77
2025-06-17,6873,271,1038,190,29,48,125,5,562.2,1063.0,2782.0,1970-01-01 00:00:00.000000049,190,6,30.9,85
2025-07-12,10328,266,1641,81,52,62,149,7,645.2,1670.8,4210.5,1970-01-01 00:00:00.000000076,81,3,27.5,133
2025-07-17,1976,0,195,0,24,20,40,3,122.0,203.0,890.5,1970-01-01 00:00:00.000000000,0,0,16.8,33
2025-06-04,11583,178,1696,27,35,38,150,8,423.6,1726.0,4854.5,1970-01-01 00:00:00.000000071,0,2,25.7,111
2025-06-06,9662,922,1330,12,24,20,133,10,1233.3999999999999,1356.6,3705.0,1970-01-01 00:00:00.000000085,0,1,24.7,119
2025-06-08,8741,1317,1855,215,44,19,115,7,1794.8999999999999,1878.0,2784.5,1970-01-01 00:00:00.000000093,8,7,27.0,61
2025-06-09,9112,131,1333,20,32,43,131,6,370.7,1359.2,3824.0,1970-01-01 00:00:00.000000057,0,2,24.9,57
2025-06-16,9438,1328,1933,164,28,32,136,5,1777.6,1960.2,3088.5,1970-01-01 00:00:00.000000095,0,4,25.5,76
2025-06-22,10436,540,2222,147,36,61,155,8,938.5,2253.0,3837.0,1970-01-01 00:00:00.000000099,65,6,27.8,120
2025-06-26,3015,0,110,0,5,6,46,3,30.0,119.2,1452.5,1970-01-01 00:00:00.000000001,0,0,17.5,45
2025-07-12,11054,472,2182,109,18,57,133,8,802.9,2208.6,4200.0,1970-01-01 00:00:00.000000097,15,8,27.0,142
2025-07-21,1310,23,300,0,3,2,20,3,41.599999999999994,304.0,493.5,1970-01-01 00:00:00.000000000,0,0,21.9,148
2025-06-04,6418,524,1297,224,29,46,93,8,885.8,1315.6,2298.5,1970-01-01 00:00:00.000000099,179,11,33.1,92
2025-06-08,399,79,124,6,0,0,5,3,99.8,125.0,98.0,1970-01-01 00:00:00.000000000,0,1,24.7,219
2025-06-13,8748,678,1786,320,44,71,120,9,1218.1,1810.0,3142.0,1970-01-01 00:00:00.000000100,173,19,30.8,87
2025-06-19,10194,639,1598,42,23,37,142,9,933.3,1626.4,3978.5,1970-01-01 00:00:00.000000100,37,1,26.7,88
2025-06-22,3165,67,337,0,3,4,38,5,99.39999999999999,344.6,1380.5,1970-01-01 00:00:00.000000004,0,0,22.9,196
2025-06-23,8204,40,968,0,44,36,166,7,270.0,1001.2,3598.0,1970-01-01 00:00:00.000000053,0,0,22.3,70
2025-06-24,9720,196,1323,71,39,62,139,9,522.2,1350.8,4100.5,1970-01-01 00:00:00.000000084,62,3,31.1,120
2025-07-05,3962,704,1097,300,29,32,59,6,1061.8,1108.8,1080.5,1970-01-01 00:00:00.000000081,133,10,31.5,104
2025-07-28,4752,649,1182,269,56,45,69,6,1099.3,1195.8,1460.5,1970-01-01 00:00:00.000000089,183,8,33.8,84
2025-06-04,9024,1156,1522,0,50,30,0,9,1612.2,1522.0,3173.0,1970-01-01 00:00:00.000000100,0,0,23.6,94
2025-06-08,7249,740,1411,208,37,28,0,9,1099.0,1411.0,2549.0,1970-01-01 00:00:00.000000100,62,6,26.3,49
2025-06-09,8561,128,1103,0,44,43,1,7,393.1,1103.2,3665.0,1970-01-01 00:00:00.000000074,0,0,23.2,54
2025-06-13,4089,368,777,216,24,26,0,8,618.5999999999999,777.0,1472.0,1970-01-01 00:00:00.000000080,163,8,31.6,112
2025-06-16,6863,1353,1484,774,29,31,8,7,1843.1,1485.6,2013.0,1970-01-01 00:00:00.000000099,266,11,27.4,69
2025-06-14,11343,1240,3418,54,148,152,205,7,2317.0,3459.0,3342.5,1970-01-01 00:00:00.000000096,29,1,27.9,115
2025-06-15,4858,86,583,0,6,2,95,6,126.2,602.0,2094.5,1970-01-01 00:00:00.000000013,0,0,23.5,198
2025-06-16,9761,1085,2147,866,115,120,209,9,2022.0,2188.8,3264.5,1970-01-01 00:00:00.000000095,443,15,29.3,68
2025-06-17,11223,466,1590,70,32,37,216,8,772.6999999999999,1633.2,4583.5,1970-01-01 00:00:00.000000081,0,5,26.3,144
2025-06-24,9820,353,1717,67,52,52,177,8,729.5999999999999,1752.4,3875.0,1970-01-01 00:00:00.000000081,31,4,28.2,126
2025-06-29,11022,555,2278,222,84,95,189,9,1210.5,2315.8,4094.5,1970-01-01 00:00:00.000000100,31,11,28.4,114
2025-07-05,10147,426,1899,195,65,87,169,10,968.7,1932.8,3911.0,1970-01-01 00:00:00.000000097,91,9,32.9,105
2025-07-10,1149,0,9,0,2,6,22,3,21.0,13.4,570.0,1970-01-01 00:00:00.000000000,0,0,11.9,26
2025-07-12,10131,310,1662,92,39,63,165,7,671.5,1695.0,4079.5,1970-01-01 00:00:00.000000077,0,5,27.1,130
2025-07-21,1287,0,300,0,2,2,25,3,11.0,305.0,493.5,1970-01-01 00:00:00.000000001,0,0,20.9,145
2025-06-03,4338,697,855,408,24,30,72,5,1028.4,869.4,1393.0,1970-01-01 00:00:00.000000063,192,9,26.8,54
2025-06-04,11281,512,2040,19,34,27,155,5,793.9,2071.0,4364.5,1970-01-01 00:00:00.000000094,9,2,26.8,111
2025-06-06,11790,700,2140,8,35,48,158,6,1070.0,2171.6,4475.0,1970-01-01 00:00:00.000000100,0,1,26.6,134
2025-06-08,8597,1413,1848,869,34,31,114,4,1980.1,1870.8,2668.0,1970-01-01 00:00:00.000000092,555,21,30.5,60
2025-06-16,8118,1275,1483,11,21,30,105,4,1673.0,1504.0,2680.0,1970-01-01 00:00:00.000000086,0,1,24.0,83
2025-07-05,9380,386,1636,163,54,68,129,8,835.2,1661.8,3679.0,1970-01-01 00:00:00.000000093,100,8,28.1,97
2025-07-17,2510,0,111,0,17,13,45,3,83.5,120.0,1199.5,1970-01-01 00:00:00.000000000,0,0,17.7,42
2025-07-21,1227,0,248,0,0,0,17,3,0.0,251.4,489.5,1970-01-01 00:00:00.000000000,0,0,20.6,138
2025-07-24,3005,0,69,0,2,9,42,4,28.5,77.4,1468.0,1970-01-01 00:00:00.000000001,0,0,17.7,57
2025-06-14,10693,803,2396,51,91,99,187,9,1489.1,2433.4,3747.0,1970-01-01 00:00:00.000000100,1529,1,24.9,108
2025-06-15,4818,182,558,38,5,2,77,7,243.4,573.4,2039.0,1970-01-01 00:00:00.000000022,725,1,24.9,202
2025-06-16,9280,956,1955,573,83,86,164,7,1661.2,1987.8,3184.5,1970-01-01 00:00:00.000000099,1027,10,29.5,64
2025-06-17,10562,445,1444,151,30,30,161,8,744.0,1476.2,4336.5,1970-01-01 00:00:00.000000088,378,9,28.2,134
2025-06-19,4017,240,651,59,34,25,57,5,472.5,662.4,1563.0,1970-01-01 00:00:00.000000034,186,4,29.2,67
2025-06-20,5190,356,1006,170,28,35,71,8,638.7,1020.2,1914.0,1970-01-01 00:00:00.000000058,267,8,28.8,110
2025-06-21,628,214,255,132,3,2,8,0,290.8,256.6,79.5,1970-01-01 00:00:00.000000008,155,4,28.9,92
2025-06-22,5071,243,886,124,28,40,74,8,505.59999999999997,900.8,1971.0,1970-01-01 00:00:00.000000047,186,6,28.7,109
2025-06-24,9081,163,1245,60,26,37,127,8,386.1,1270.4,3836.5,1970-01-01 00:00:00.000000061,117,4,26.3,118
2025-06-27,2888,250,620,199,13,19,42,6,416.5,628.4,1009.0,1970-01-01 00:00:00.000000026,203,6,31.4,115
2025-07-02,6549,417,1353,174,43,47,99,8,786.9,1372.8,2389.5,1970-01-01 00:00:00.000000081,189,8,30.7,84
2025-07-05,7728,518,1385,256,42,53,119,6,930.1,1408.8,2912.5,1970-01-01 00:00:00.000000093,197,10,33.0,106
2025-07-07,3696,231,681,168,29,4,62,5,404.2,693.4,1392.0,1970-01-01 00:00:00.000000030,154,6,32.5,84
2025-07-08,4890,623,1079,271,42,51,75,6,1066.1,1094.0,1594.0,1970-01-01 00:00:00.000000075,140,13,28.0,103
2025-07-21,1270,11,278,0,0,1,20,3,15.7,282.0,490.5,1970-01-01 00:00:00.000000000,0,0,24.9,143
2025-07-23,5208,622,1142,315,28,23,92,5,957.9,1160.4,1722.0,1970-01-01 00:00:00.000000078,189,14,30.0,88
2025-06-04,11099,253,1462,13,43,32,157,8,517.5999999999999,1493.4,4692.0,1970-01-01 00:00:00.000000078,34,1,25.2,108
2025-06-06,10918,704,1593,23,36,27,146,6,1025.3,1622.2,4310.5,1970-01-01 00:00:00.000000100,37,1,26.8,119
2025-06-08,8688,1434,1912,597,67,46,114,7,2126.8,1934.8,2671.0,1970-01-01 00:00:00.000000094,909,18,25.8,61
2025-07-02,5095,316,894,140,46,37,67,4,644.7,907.4,1942.5,1970-01-01 00:00:00.000000055,162,7,29.9,66
2025-07-07,6969,557,1578,239,68,50,94,7,1057.4,1596.8,2417.0,1970-01-01 00:00:00.000000092,337,12,29.9,78
2025-07-10,1380,0,15,0,5,4,20,3,25.0,19.0,682.5,1970-01-01 00:00:00.000000000,0,0,12.9,30
2025-07-15,5189,272,999,208,37,37,79,7,549.9,1014.8,1959.0,1970-01-01 00:00:00.000000053,225,4,25.9,80
2025-07-16,8294,594,1941,95,87,74,115,7,1178.8,1964.0,2879.5,1970-01-01 00:00:00.000000095,221,4,24.7,84
2025-07-18,4895,765,1293,0,42,31,63,5,1121.5,1305.6,1418.5,1970-01-01 00:00:00.000000079,0,0,23.1,72
2025-07-21,7023,295,1402,168,41,32,103,7,597.0,1422.6,2663.0,1970-01-01 00:00:00.000000075,192,8,28.1,103
2025-08-02,4241,336,816,45,45,16,58,4,583.2,827.6,1544.5,1970-01-01 00:00:00.000000046,160,1,25.2,61
2025-06-04,12029,1849,2478,241,56,64,171,9,2591.7999999999997,2512.2,3851.0,1970-01-01 00:00:00.000000100,10,9,27.5,115
2025-06-06,11525,1989,2163,231,53,69,163,8,2778.2999999999997,2195.6,3686.5,1970-01-01 00:00:00.000000100,22,12,26.6,124
2025-06-08,9447,1494,2113,1014,80,50,119,9,2287.8,2136.8,2920.0,1970-01-01 00:00:00.000000094,322,26,28.3,66
2025-06-09,8700,163,1028,20,40,23,118,7,383.1,1051.6,3754.5,1970-01-01 00:00:00.000000042,0,2,25.3,55
2025-06-16,9190,1732,2072,788,63,65,120,7,2484.9,2096.0,2693.0,1970-01-01 00:00:00.000000093,13,11,27.3,78
2025-06-17,6650,353,1150,216,33,54,91,7,687.5999999999999,1168.2,2573.5,1970-01-01 00:00:00.000000056,189,6,33.6,82
2025-07-02,5516,475,1187,240,54,43,69,5,909.5,1200.8,1927.0,1970-01-01 00:00:00.000000065,167,14,33.1,71
2025-07-14,5891,494,1360,295,78,55,81,6,1044.3,1376.2,2018.5,1970-01-01 00:00:00.000000078,189,16,30.3,84
2025-07-15,5634,493,1220,294,48,62,76,7,945.6,1235.2,1960.5,1970-01-01 00:00:00.000000068,143,11,28.0,87
2025-08-04,5833,96,1041,8,86,73,77,6,560.7,1056.4,2348.0,1970-01-01 00:00:00.000000043,0,1,25.1,81
2025-06-04,12028,368,1440,65,45,44,207,8,711.5999999999999,1481.4,5110.0,1970-01-01 00:00:00.000000093,10,5,27.7,114
2025-06-06,11543,365,1589,142,44,38,201,9,695.0,1629.2,4794.5,1970-01-01 00:00:00.000000092,87,6,32.3,122
2025-06-08,8882,1408,1818,862,49,26,138,8,2021.6,1845.6,2828.0,1970-01-01 00:00:00.000000097,303,24,31.0,62
2025-06-16,9441,1441,1849,821,56,51,161,5,2094.7,1881.2,3075.5,1970-01-01 00:00:00.000000098,0,14,26.6,77
2025-06-17,5483,407,827,304,24,23,103,6,677.9,847.6,2124.5,1970-01-01 00:00:00.000000069,178,12,32.8,70
2025-06-19,2670,0,111,0,8,6,37,5,39.0,118.4,1279.5,1970-01-01 00:00:00.000000001,0,0,18.3,45
2025-07-05,3470,788,945,253,14,18,57,5,1067.6,956.4,868.5,1970-01-01 00:00:00.000000075,64,7,30.6,114
2025-07-09,6398,461,972,277,43,39,115,7,849.6999999999999,995.0,2482.5,1970-01-01 00:00:00.000000087,161,14,30.9,81
2025-07-17,2262,0,159,0,19,8,40,3,77.0,167.0,1051.5,1970-01-01 00:00:00.000000000,0,0,17.1,38
2025-06-04,11440,1000,2392,0,55,47,159,8,1482.5,2423.8,4024.0,1970-01-01 00:00:00.000000100,0,0,23.2,111
2025-06-05,8797,71,1147,0,38,51,175,9,326.7,1182.0,3789.5,1970-01-01 00:00:00.000000058,0,0,23.6,66
2025-06-06,11714,965,2365,19,34,35,195,8,1352.5,2404.0,4192.0,1970-01-01 00:00:00.000000100,0,1,25.1,123
2025-06-08,9018,1247,1779,212,59,40,122,8,1803.3999999999999,1803.4,2996.0,1970-01-01 00:00:00.000000098,0,6,26.0,62
2025-06-09,8753,47,938,10,49,55,129,6,345.9,963.8,3884.0,1970-01-01 00:00:00.000000052,0,1,24.3,55
2025-06-16,9347,1115,1852,208,43,70,161,6,1662.0,1884.2,3190.0,1970-01-01 00:00:00.000000099,0,4,26.1,76
2025-06-21,630,132,229,56,4,3,9,0,187.9,230.8,134.5,1970-01-01 00:00:00.000000004,15,2,31.4,92
2025-07-05,3709,707,1154,271,28,28,65,6,1047.4,1167.0,924.0,1970-01-01 00:00:00.000000075,0,9,26.0,117
2025-07-17,2159,0,188,0,24,17,43,3,114.5,196.6,985.5,1970-01-01 00:00:00.000000000,0,0,17.6,36
2025-06-03,4721,723,1125,479,47,50,693,8,1183.6,1263.6,1436.5,1970-01-01 00:00:00.000000065,257,10,28.2,59
2025-06-04,12376,402,2051,62,66,48,2273,10,820.4,2505.6,4961.5,1970-01-01 00:00:00.000000089,45,4,28.8,116
2025-06-06,11708,1508,1867,133,58,42,145,10,2133.6,1896.0,4166.5,1970-01-01 00:00:00.000000099,115,9,29.0,124
2025-06-08,9241,1372,2092,640,72,43,51,4,2054.8999999999996,2102.2,2888.5,1970-01-01 00:00:00.000000094,485,17,27.2,63
2025-06-09,8577,176,1253,38,73,59,508,6,592.7,1354.6,3574.0,1970-01-01 00:00:00.000000057,21,3,26.6,54
2025-06-16,9107,1636,2016,320,70,46,65,5,2308.2,2029.0,2727.5,1970-01-01 00:00:00.000000093,114,4,24.7,76
2025-06-17,6010,396,979,173,35,30,32,6,680.2,985.4,2317.5,1970-01-01 00:00:00.000000043,153,5,32.1,74
2025-06-22,9547,378,1709,104,48,60,121,8,772.5999999999999,1733.2,3730.0,1970-01-01 00:00:00.000000081,90,5,28.9,110
2025-06-24,5581,318,1117,163,33,39,62,6,618.0999999999999,1129.4,2073.0,1970-01-01 00:00:00.000000042,153,8,29.7,85
2025-07-02,4101,431,1020,201,40,34,56,6,762.1999999999999,1031.2,1325.0,1970-01-01 00:00:00.000000044,169,8,31.7,79
2025-07-03,5200,437,1084,229,33,21,69,7,720.9,1097.8,1839.5,1970-01-01 00:00:00.000000046,199,9,29.0,81
2025-06-04,11348,1901,2119,691,51,40,192,10,2579.2,2157.4,3664.0,1970-01-01 00:00:00.000000100,21,9,28.6,110
2025-06-06,11816,1696,2035,293,44,39,184,8,2294.7,2071.8,4042.5,1970-01-01 00:00:00.000000100,14,6,27.4,125
2025-06-08,8556,1474,1890,1048,61,22,130,9,2136.8,1916.0,2596.0,1970-01-01 00:00:00.000000100,292,26,29.0,60
2025-06-09,9033,114,1216,36,27,65,161,8,390.29999999999995,1248.2,3851.5,1970-01-01 00:00:00.000000061,19,2,29.0,57
2025-06-16,8834,1700,2246,957,64,54,135,7,2412.0,2273.0,2444.0,1970-01-01 00:00:00.000000100,258,9,29.2,74
2025-06-17,5447,238,925,180,37,34,88,7,506.59999999999997,942.6,2142.0,1970-01-01 00:00:00.000000048,151,5,32.6,69
2025-06-21,625,164,238,67,1,0,9,0,209.79999999999998,239.8,111.5,1970-01-01 00:00:00.000000000,41,2,26.1,91
2025-06-22,5441,444,1167,256,31,40,87,9,790.8,1184.4,1915.0,1970-01-01 00:00:00.000000075,169,13,28.1,117
2025-06-27,4004,344,994,220,20,27,61,6,580.3,1006.2,1333.0,1970-01-01 00:00:00.000000046,175,8,31.0,118
2025-07-05,4623,711,1447,335,36,27,73,6,1078.6999999999998,1461.6,1232.5,1970-01-01 00:00:00.000000085,113,10,30.8,119
2025-07-14,5414,244,1198,69,93,56,107,7,731.8,1219.4,1986.0,1970-01-01 00:00:00.000000075,19,4,29.2,77
2025-07-16,7053,183,1111,49,83,52,106,6,618.6,1132.2,2879.5,1970-01-01 00:00:00.000000068,0,4,26.4,69
2025-07-21,7199,529,1578,281,48,49,128,8,966.3,1603.6,2546.0,1970-01-01 00:00:00.000000100,174,13,32.1,106
2025-07-28,5576,722,1314,231,40,40,96,6,1121.4,1333.2,1770.0,1970-01-01 00:00:00.000000092,188,7,32.6,98
2025-06-04,10238,818,2152,271,73,66,139,8,1430.6,2179.8,3634.0,1970-01-01 00:00:00.000000100,133,13,28.7,101
2025-06-08,400,44,109,0,0,0,5,3,52.8,110.0,123.5,1970-01-01 00:00:00.000000000,0,0,22.8,220
2025-06-19,10275,736,1872,126,41,52,157,9,1156.1999999999998,1903.4,3833.5,1970-01-01 00:00:00.000000100,52,4,28.8,88
2025-06-22,7168,46,878,12,10,11,96,8,117.69999999999999,897.2,3122.0,1970-01-01 00:00:00.000000038,0,1,24.2,218
2025-06-23,8842,41,1004,0,35,51,164,7,281.7,1036.8,3898.5,1970-01-01 00:00:00.000000055,0,0,23.9,76
2025-06-24,10881,505,1706,167,46,54,173,8,909.0,1740.6,4335.0,1970-01-01 00:00:00.000000100,50,6,28.1,133
2025-08-09,1078,0,45,0,2,2,0,2,11.0,45.0,516.5,1970-01-01 00:00:00.000000000,0,0,18.0,33
2025-08-12,1256,347,576,0,6,0,0,2,434.4,576.0,166.5,1970-01-01 00:00:00.000000022,0,0,22.5,112
2025-07-23,4836,367,910,172,23,17,65,6,591.9,923.0,1779.5,1970-01-01 00:00:00.000000051,234,8,28.7,72
2025-08-13,4354,400,798,164,38,35,54,5,701.5,808.8,1578.0,1970-01-01 00:00:00.000000053,307,4,25.0,67
2025-08-14,4601,502,965,70,29,16,55,4,739.4,976.0,1567.0,1970-01-01 00:00:00.000000061,190,2,29.0,65
2025-08-15,1572,0,38,0,5,9,24,2,37.5,42.8,767.0,1970-01-01 00:00:00.000000000,0,0,15.3,46
2025-07-23,5807,472,973,284,33,40,101,7,835.4,993.2,2181.0,1970-01-01 00:00:00.000000085,153,14,33.6,65
2025-08-17,12412,231,1064,105,26,40,161,9,490.2,1096.2,5558.5,1970-01-01 00:00:00.000000076,36,7,29.1,122
2025-08-09,3479,427,1126,351,32,32,52,0,718.4,1136.4,963.0,1970-01-01 00:00:00.000000044,321,6,28.4,95
2025-08-09,1137,0,60,0,7,3,24,2,28.5,64.8,538.5,1970-01-01 00:00:00.000000000,0,0,18.1,34
2025-08-12,1246,323,552,0,12,3,18,2,431.09999999999997,555.6,185.5,1970-01-01 00:00:00.000000015,0,0,27.0,112
2025-08-12,6355,95,980,9,72,92,92,7,565.0,998.4,2640.0,1970-01-01 00:00:00.000000043,0,1,24.6,78
2025-08-17,9962,326,1391,178,22,33,119,9,574.7,1414.8,4122.5,1970-01-01 00:00:00.000000065,122,7,29.9,107
2025-08-13,4414,391,853,211,29,32,0,5,661.2,853.0,1585.0,1970-01-01 00:00:00.000000054,158,5,24.8,67
2025-07-23,6047,648,1497,325,53,63,96,6,1184.1,1516.2,1951.0,1970-01-01 00:00:00.000000086,166,18,31.6,68
2025-08-15,3165,0,78,0,5,3,40,3,22.5,86.0,1543.5,1970-01-01 00:00:00.000000003,0,0,17.8,47
2025-08-18,1999,0,71,0,1,1,23,3,5.5,75.6,964.0,1970-01-01 00:00:00.000000000,0,0,18.1,127
2025-07-23,5177,612,1106,296,25,15,91,7,906.9,1124.2,1729.5,1970-01-01 00:00:00.000000076,329,12,30.6,77
2025-08-09,1708,0,62,0,3,0,32,1,9.0,68.4,823.0,1970-01-01 00:00:00.000000000,0,0,17.6,36
2025-08-14,5106,358,992,156,40,18,78,6,634.5999999999999,1007.6,1878.0,1970-01-01 00:00:00.000000057,177,8,30.0,76
2025-08-12,5355,123,923,19,72,97,102,8,616.1,943.4,2154.5,1970-01-01 00:00:00.000000077,0,2,25.2,66
2025-08-15,2250,0,40,0,6,3,30,3,25.5,46.0,1105.0,1970-01-01 00:00:00.000000000,0,0,14.3,66
2025-08-12,6535,46,1026,0,59,95,115,8,469.7,1049.0,2731.5,1970-01-01 00:00:00.000000069,0,0,23.2,80
